Yueqing Xuan,xuanyueqing@gmail.com,123456
Jaze Zhang,zhangting@gmail.com,234567
Will Chen,chenxinshuai@gmail.com,345678
Isaac Carr,i.carr@unsw.edu.au,123456
Boy 1,boy1@unsw.edu.au,123456
Boy 2,boy2@unsw.edu.au,123456
Boy 3,boy3@unsw.edu.au,123456
Seokhyeon Kim,seokhyeon.kim@unsw.edu.au,123456
John Zaitseff,j.zaitseff@unsw.edu.au,123456
Thomas,thomas@gmail.com,123456YUEQING XUAN,name4119998,pass12718